{"cameraMode":{"drawMode":0,"name":"Shaded","section":"Shading Mode"},"sceneLighting":true,"audioPlay":false,"sceneViewState":{"m_AlwaysRefresh":false,"showFog":true,"showSkybox":true,"showFlares":true,"showImageEffects":true,"showParticleSystems":true,"showVisualEffectGraphs":true,"m_FxEnabled":true},"in2DMode":false,"pivot":{"x":4.118432521820068,"y":-0.17419661581516267,"z":0.2781749367713928},"rotation":{"x":0.06262868642807007,"y":-0.4171464741230011,"z":0.028828918933868409,"w":0.906221330165863},"size":0.8933292031288147,"orthographic":false}